SET NAMES utf8mb4;
SET character_set_client = utf8mb4;
SET character_set_connection = utf8mb4;
SET character_set_results = utf8mb4;

CREATE TABLE categories (
    id INT AUTO_INCREMENT PRIMARY KEY,
    name VARCHAR(100) NOT NULL UNIQUE,
    description TEXT
) DEFAULT CHARSET = utf8mb4 COLLATE = utf8mb4_unicode_ci;

CREATE TABLE models (
    id INT AUTO_INCREMENT PRIMARY KEY,
    category_id INT NOT NULL,
    name VARCHAR(150) NOT NULL,
    brand VARCHAR(100),
    image_url VARCHAR(255),
    price_per_day DECIMAL(10,2),
    description TEXT,
    created_at DATETIME DEFAULT CURRENT_TIMESTAMP,
    FOREIGN KEY (category_id) REFERENCES categories(id) ON DELETE CASCADE
) DEFAULT CHARSET = utf8mb4 COLLATE = utf8mb4_unicode_ci;

CREATE TABLE items (
    id INT AUTO_INCREMENT PRIMARY KEY,
    model_id INT NOT NULL,
    status TINYINT(1) DEFAULT 0, -- 0 = libre, 1 = pris
    created_at DATETIME DEFAULT CURRENT_TIMESTAMP,
    updated_at DATETIME DEFAULT CURRENT_TIMESTAMP ON UPDATE CURRENT_TIMESTAMP,
    FOREIGN KEY (model_id) REFERENCES models(id) ON DELETE CASCADE
) DEFAULT CHARSET = utf8mb4 COLLATE = utf8mb4_unicode_ci;

CREATE TABLE users (
    id INT AUTO_INCREMENT PRIMARY KEY,
    prenom VARCHAR(50) NOT NULL,
    nom VARCHAR(50) NOT NULL,
    email VARCHAR(100) NOT NULL UNIQUE,
    password VARCHAR(255) NOT NULL,
    role ENUM('user', 'admin') DEFAULT 'user',
    created_at DATETIME DEFAULT CURRENT_TIMESTAMP
) DEFAULT CHARSET = utf8mb4 COLLATE = utf8mb4_unicode_ci;

CREATE TABLE logs (
    id INT AUTO_INCREMENT PRIMARY KEY,
    user_id INT,
    item_id INT,
    action ENUM('create', 'update', 'borrow', 'return', 'delete') NOT NULL,
    created_at DATETIME DEFAULT CURRENT_TIMESTAMP,
    FOREIGN KEY (user_id) REFERENCES users(id) ON DELETE SET NULL,
    FOREIGN KEY (item_id) REFERENCES items(id) ON DELETE CASCADE
) DEFAULT CHARSET = utf8mb4 COLLATE = utf8mb4_unicode_ci;

CREATE TABLE reservations (
    id INT AUTO_INCREMENT PRIMARY KEY,
    user_id INT NOT NULL,
    model_id INT NOT NULL,
    quantity INT NOT NULL,
    start_date DATE NOT NULL,
    end_date DATE NOT NULL,
    status ENUM('pending', 'confirmed', 'cancelled') DEFAULT 'pending',
    total_price DECIMAL(10,2),
    created_at DATETIME DEFAULT CURRENT_TIMESTAMP,
    FOREIGN KEY (user_id) REFERENCES users(id) ON DELETE CASCADE,
    FOREIGN KEY (model_id) REFERENCES models(id) ON DELETE CASCADE
) DEFAULT CHARSET = utf8mb4 COLLATE = utf8mb4_unicode_ci;

-- Données de test (catégories)
INSERT INTO categories (id, name, description) VALUES
  (1, 'Perçage', 'Outils de perçage et trépan'),
  (2, 'Sciage', 'Scies et lames'),
  (3, 'Ponçage', 'Ponceuses et abrasifs'),
  (4, 'Peinture', 'Pinceaux, rouleaux et accessoires'),
  (5, 'Électricité', 'Outils électriques et câblage'),
  (6, 'Plomberie', 'Clés, joints et accessoires')
ON DUPLICATE KEY UPDATE name = VALUES(name);

-- Données de test (modèles)
INSERT INTO models (id, category_id, name, brand, image_url, price_per_day, description) VALUES
  (1, 1, 'Perceuse percussion 18V', 'Makita', 'https://www.topquincaillerie.fr/43289-large_default/perceuse-visseuse-a-percussion-makita-18-v-li-ion-4-ah-o-13-mm-2-batteries-chargeur-coffret.webp', 10, 'Perceuse sans fil avec 2 batteries'),
  (2, 2, 'Scie sauteuse 750W', 'Bosch', 'https://www.bricodepot.fr/images/page_prod_big/179000/179292.jpg', 5, 'Précise, pour bois et métal'),
  (3, 3, 'Ponceuse excentrique 125mm', 'DeWalt', 'https://www.maxoutil.com/media/catalog_webp/product/p/s/PSA10022_1.webp?width=265&height=265&store=fr&image-type=image', 25, 'Avec aspiration intégrée'),
  (4, 1, 'Visseuse compacte 12V', 'Makita', 'https://www.toolnation.fr/media/catalog/product/cache/918bb768bbbb956a1722ec514f7b2742/m/i/milwaukee_4058546568474_image_1_1.jpg', 8, 'Légère et maniable'),
  (5, 2, 'Scie circulaire 1400W', 'Ryobi', 'https://www.bretagne-materiaux.fr/asset/42/26/AST2374226-XL.jpg', 12, 'Pour découpes droites rapides'),
  (6, 3, 'Ponceuse à bande 100mm', 'Black+Decker', 'https://www.manutan.fr/fstrz/r/s/www.manutan.fr/img/S/GRP/ST/AIG6783001.jpg?frz-v=126', 15, 'Ponçage rapide et efficace'),
  (7, 4, 'Rouleau peinture 18cm', 'Purdy', 'https://media.adeo.com/mkp/6832b63da57159f4d81f0ec9e0538940/media.jpeg', 3, 'Rouleau professionnel haute qualité'),
  (8, 4, 'Pinceau 5cm', 'Wooster', 'https://www.seguret-decoration.fr/52238-large_default/pinceau-5cm-farrow.jpg', 2, 'Pinceau finition soie naturelle'),
  (9, 5, 'Multimètre digital', 'Fluke', 'https://m.media-amazon.com/images/I/71tbi6BftXL._AC_UF1000,1000_QL80_.jpg', 20, 'Mesures précises tension/courant'),
  (10, 5, 'Détecteur de tension', 'Klein Tools', 'https://www.derancourt.com/cache/images/product/vat7622021-web-5109.jpg', 5, 'Détection sans contact'),
  (11, 6, 'Clé à molette 15cm', 'Bahco', 'https://media2.master-outillage.com/372264-medium_default/cle-a-molette-150mm-e187366-expert-by-facom.jpg', 4, 'Acier chromé haute résistance'),
  (12, 6, 'Té plomberie 20mm', 'Géberit', 'https://paturevision.fr/4855-large_default/te-a-90-augmente-20-x-25-x-20-mm.jpg', 6, 'Té en laiton pour raccordements'),
  (13, 1, 'Perceuse visseuse 14.4V', 'Milwaukee', 'https://www.toolnation.fr/media/catalog/product/cache/918bb768bbbb956a1722ec514f7b2742/m/i/milwaukee_4058546568474_image_1_1.jpg', 12, 'Perceuse professionnelle avec couple élevé'),
  (14, 1, 'Perceuse à colonne 550W', 'Einhell', 'https://m.media-amazon.com/images/I/71DeRGoJ+fL.jpg', 8, 'Perceuse fixe pour précision maximale'),
  (15, 2, 'Scie à onglets 216mm', 'Metabo', 'https://encrypted-tbn0.gstatic.com/images?q=tbn:ANd9GcT44myQIMMExQf6C_8A9266PkEf-lW-ZgEv-w&s', 18, 'Scie à onglets radiale pour coupes précises'),
  (16, 2, 'Scie sabre 18V', 'DeWalt', 'https://www.maxoutil.com/media/catalog_webp/product/s/d/SDD40006_2.webp?width=265&height=265&store=fr&image-type=image', 15, 'Scie sabre sans fil pour démolition'),
  (17, 3, 'Ponceuse vibrante 150W', 'Bosch', 'https://m.media-amazon.com/images/I/71Lsd5nPwEL.jpg', 6, 'Ponceuse vibrante pour finitions'),
  (18, 3, 'Ponceuse delta 120W', 'Black+Decker', 'https://www.stanleyoutillage.fr/EMEA/PRODUCT/IMAGES/HIRES/SFMEW210S-QS/SFMEW210S_1.jpg?resize=530x530', 7, 'Ponceuse delta pour détails'),
  (19, 4, 'Pinceau 10cm', 'Purdy', 'https://alpes-ecomateriaux.fr/656-thickbox_default/spalter.jpg', 3, 'Pinceau largeur 10cm soie naturelle'),
  (20, 4, 'Rouleau 25cm', 'Wooster', 'https://m.media-amazon.com/images/I/51KRdUru-tL._AC_UF1000,1000_QL80_.jpgx  ', 4, 'Rouleau professionnel 25cm'),
  (21, 5, 'Pince à dénuder', 'Knipex', 'https://www.bis-electric.com/media/catalog/product//p/i/pince-a-denuder-170mm-isolee-1000v-0-84-010-stanley_nolabel.jpeg', 8, 'Pince à dénuder automatique'),
  (22, 5, 'Testeur de continuité', 'Fluke', 'https://professionnelle.sirv.com/mesure/img/p/5/2/1/testeur-de-continuite-compact-professionnel.jpg?w=800&h=800&canvas.width=800&canvas.height=800', 6, 'Testeur de continuité professionnel'),
  (23, 6, 'Clé pipe 24mm', 'Facom', 'https://www.kstools.fr/media/catalog/product/cache/c4fdd3da11b6e5a3a778f5cf45c6ccd5/f/o/fot_pro_alg_517.0406-32__sall__aing__v1.jpg', 5, 'Clé pipe acier chromé 24mm'),
  (24, 6, 'Raccords PER 16mm', 'Géberit', 'https://www.maxoutil.com/media/catalog_webp/product/p/l/PLO01137_1.webp?width=265&height=265&store=fr&image-type=image', 25, 'Marteau perforateur professionnel'),
  (26, 2, 'Tronçonneuse 2000W', 'Stihl', 'https://m.media-amazon.com/images/I/51PyARA-XkL.jpg', 30, 'Tronçonneuse électrique puissante'),
  (27, 3, 'Ponceuse à disque 150mm', 'Makita', 'https://maisondutournage.com/17918-large_default/ponceuse-a-disque-et-a-bande.jpg', 12, 'Ponceuse à disque pour métal'),
  (28, 4, 'Pistolet à peinture', 'Wagner', 'https://www.carter-cash.com/upload/media/product/0001/07/f9f4dfcdeef5b19de8406c8ccfe11779412db274.jpeg', 20, 'Pistolet à peinture haute pression'),
  (29, 5, 'Câble électrique 2.5mm²', 'Nexans', 'https://www.camperwood.com/13654-tm_large_default/cable-25-mm-rouge-ho7vk-special-automobile.jpg', 2, 'Câble électrique 2.5mm² par mètre'),
  (30, 6, 'Robinet thermostatique', 'Grohe', 'https://m.media-amazon.com/images/I/719lvuCn8KL.jpg', 15, 'Robinet thermostatique chromé'),
  (31, 1, 'Perceuse visseuse 20V', 'Ryobi', 'https://m.media-amazon.com/images/I/714YfzGH-rL._AC_UF1000,1000_QL80_.jpg', 9, 'Perceuse sans fil 20V avec batterie'),
  (32, 1, 'Perceuse à percussion 650W', 'Bosch', 'https://www.neton.fr/upload/produit/0074/250102-110114-perceuse-percussion-bosch-650w-coffret.png', 11, 'Perceuse filaire puissante'),
  (33, 1, 'Perceuse angulaire 18V', 'Milwaukee', 'https://cdn.guedo-outillage.fr/16265-medium_default/milwaukee-perceuse-d-angle-18v-solo-m18-fuel-frad2-0-4933471207.jpg', 14, 'Perceuse angulaire pour espaces restreints'),
  (34, 1, 'Perceuse magnétique 1000W', 'Hilti', 'https://www.zone-outillage.fr/sites/default/files/styles/image_400/public/fiche-produit/burineur_hilti_te-1000-avr.jpg?itok=j1ONCJ99', 35, 'Perceuse magnétique pour métal'),
  (35, 1, 'Perceuse diamant 1200W', 'Makita', 'https://fi.makitamedia.com/images/3_Makita/301_machines/3011_a_GS1/30120_JPG_zoom/HP2051F_C2C0.jpg', 28, 'Perceuse diamant pour béton'),
  (36, 2, 'Scie circulaire 190mm', 'Bosch', 'https://www.bosch-professional.com/fr/fr/ocsmedia/63276-54/application-image/1434x828/scie-circulaire-gks-190-0601623000.png', 16, 'Scie circulaire 190mm professionnelle'),
  (37, 2, 'Scie à ruban 350W', 'Einhell', 'https://images-eu.ssl-images-amazon.com/images/I/61iQhFszI8L._AC_UL495_SR435,495_.jpg', 22, 'Scie à ruban pour bois'),
  (38, 2, 'Scie plongeante 1400W', 'Festool', 'https://cdn.guedo-outillage.fr/50299-large_default/festool-scie-plongeante-avec-inciseur-tsv-60-kebq-plus-576730.jpg', 45, 'Scie plongeante de précision'),
  (39, 2, 'Scie à chantourner 400W', 'Proxxon', 'https://www.multirex.net/Files/132249/Img/01/28092-zx1200.jpg', 18, 'Scie à chantourner pour détails'),
  (40, 2, 'Scie à métaux 500W', 'Metabo', 'https://cdn.guedo-outillage.fr/12150-medium_default/metabo-scie-a-metaux-a-air-comprime-dks10-set-601560500.jpg', 12, 'Scie à métaux électrique'),
  (41, 3, 'Ponceuse orbitale 150mm', 'Festool', 'https://m.media-amazon.com/images/I/41iWk3vF9ZL._AC_UF1000,1000_QL80_.jpg', 25, 'Ponceuse orbitale professionnelle'),
  (42, 3, 'Ponceuse à bande 75mm', 'Makita', 'https://cdn.manomano.com/images/images_products/10194229/P/134288182_1.jpg', 14, 'Ponceuse à bande 75mm'),
  (43, 3, 'Ponceuse multi-position', 'DeWalt', 'https://m.media-amazon.com/images/I/81uUuRQ9NRL.jpg', 16, 'Ponceuse multi-position polyvalente'),
  (44, 3, 'Ponceuse à disque 180mm', 'Bosch', 'https://m.media-amazon.com/images/I/71seAlIfA3L.jpg', 18, 'Ponceuse à disque 180mm'),
  (45, 3, 'Ponceuse à main électrique', 'Black+Decker', 'https://m.media-amazon.com/images/I/51M6RJbdWnL._AC_UF1000,1000_QL80_.jpg', 8, 'Ponceuse à main compacte'),
  (46, 4, 'Pinceau 2.5cm', 'Purdy', 'https://i.ebayimg.com/images/g/jdwAAOSwjaJgyLcM/s-l1200.jpg', 1, 'Pinceau finition 2.5cm'),
  (47, 4, 'Pinceau 7.5cm', 'Wooster', 'https://m.media-amazon.com/images/I/817PpxFvu2L._UF1000,1000_QL80_.jpg', 2, 'Pinceau largeur 7.5cm'),
  (48, 4, 'Rouleau 15cm', 'Purdy', 'https://m.media-amazon.com/images/I/71XR9Uau1RL.jpg', 2, 'Rouleau 15cm professionnel'),
  (49, 4, 'Rouleau à peinture 20cm', 'Jumbo', 'https://www.colorsquare.eu/media/catalog/product/cache/f287751a2f550ef12c5e57986d02e5da/1/7/17693_1_VERFROL-20-CM-JUMBO-out-001-r060-a045.webp', 5, 'Rouleau 20cm pour grandes surfaces'),
  (50, 4, 'Pinceau à rechampir', 'Purdy', 'https://images-eu.ssl-images-amazon.com/images/I/51fxiIvCnGL._AC_UL495_SR435,495_.jpg', 3, 'Pinceau à rechampir professionnel'),
  (51, 4, 'Rouleau mousse', 'Artémio', 'https://www.megacrea.com/image_cache/phototeque/Artemio/3/6/36_artemio_rouleau_mousse_largeur_35_mm_synthetique_10_1247x600.jpg', 4, 'Rouleau mousse pour finitions'),
  (52, 5, 'Pince coupante 200mm', 'Knipex', 'https://m.media-amazon.com/images/I/51zkyuvlUOL._AC_UF1000,1000_QL80_.jpg', 6, 'Pince coupante 200mm isolée'),
  (53, 5, 'Pince à sertir', 'ENGINEER', 'https://m.media-amazon.com/images/I/61tiRddWRSL._AC_UF1000,1000_QL80_.jpg', 12, 'Pince à sertir pour connecteurs'),
  (54, 5, 'Détecteur de câbles', 'Bosch', 'https://m.media-amazon.com/images/I/71zJ3bWpleL.jpg', 8, 'Détecteur de câbles dans les murs'),
  (55, 5, 'Pince à dénuder automatique', 'Knipex', 'https://m.media-amazon.com/images/I/61VIGaqzXCL.jpg', 15, 'Pince à dénuder automatique professionnelle'),
  (56, 5, 'Testeur de terre', 'Fluke', 'https://media.fluke.com/eb53668b-589d-4958-809d-b108002b04dd_original__size.jpg', 25, 'Testeur de terre professionnel'),
  (57, 5, 'Câble électrique 1.5mm²', 'Nexans', 'https://www.centrale-brico.com/140688-large_default/nexans-cable-electrique-3-g-15-mm-u1000r2v-l100-m-noir.jpg', 1, 'Câble électrique 1.5mm² par mètre'),
  (58, 5, 'Câble souple 4mm²', 'Nexans', 'https://cdn.h2r-equipements.com/102324-large_default/nexans-cable-1-x-4-mm2-10-m.jpg', 3, 'Câble souple 4mm² par mètre'),
  (59, 6, 'Clé à molette 20cm', 'Bahco', 'https://m.media-amazon.com/images/I/51-AjFjYsoS.jpg', 6, 'Clé à molette 20cm acier chromé'),
  (60, 6, 'Clé à molette 25cm', 'Facom', 'https://encrypted-tbn0.gstatic.com/images?q=tbn:ANd9GcQUnkDU7GjzTWTHsIdX3h5ZrA0LhbjcVVsCFw&s', 8, 'Clé à molette 25cm professionnelle'),
  (61, 6, 'Clé pipe 19mm', 'Facom', 'https://m.media-amazon.com/images/I/61fELbrBtaL.jpg', 4, 'Clé pipe 19mm acier chromé'),
  (62, 6, 'Clé pipe 27mm', 'Bahco', 'https://www.ifd-outillage.fr/73335-large_default/cle-a-pipe-debouchee-6x12-pans-27-mm-e113388-expert-by-facom.jpg', 7, 'Clé pipe 27mm haute résistance'),
  (63, 6, 'Clé à griffe 15mm', 'Facom', 'https://m.media-amazon.com/images/I/41iFu8pA0kL._UF1000,1000_QL80_.jpg', 5, 'Clé à griffe 15mm pour raccords'),
  (64, 6, 'Clé à griffe 22mm', 'Bahco', 'https://pimdatacdn.bahco.com/media/sub539/16a0936cd58eb63f.png', 6, 'Clé à griffe 22mm professionnelle'),
  (65, 6, 'Raccords cuivre 12mm', 'Géberit', 'https://genma-negoce.fr/38402-large_default/raccord-geberit-mapress-cuivre-avec-filetage-male-d-12mm-r-12-.jpg', 2, 'Raccords cuivre 12mm'),
  (66, 6, 'Raccords cuivre 15mm', 'Géberit', 'https://encrypted-tbn0.gstatic.com/images?q=tbn:ANd9GcT1icylTEGB6f8Ubwhbmb9zkB-lMSCRZzeaTQ&s', 3, 'Raccords cuivre 15mm'),
  (67, 6, 'Raccords cuivre 22mm', 'Géberit', 'https://static.rorix.nl/image/product/van-marcke/2000x2000/d62d6bd6e82804e1095f962f83be0371.jpg/mapress-geberit-3-pieces-raccord-droit-plat-a-etancheite-cuivre-22-mm-3-4-buidr-7468448.jpg', 4, 'Raccords cuivre 22mm'),
  (68, 6, 'Robinet mélangeur', 'Grohe', 'https://cdn.cloud.grohe.com/prod/30/31/31831001/480/31831001_1_1.jpg', 12, 'Robinet mélangeur chromé'),
  (69, 6, 'Robinet mitigeur', 'Hansgrohe', 'https://assets.hansgrohe.com/mam/celum/celum_assets/154__hpr05866_tif.png?format=HBW2', 18, 'Robinet mitigeur thermostatique'),
  (70, 1, 'Perceuse visseuse 12V', 'Bosch', 'https://m.media-amazon.com/images/I/71M+yXeVlPL.jpg', 7, 'Perceuse visseuse 12V compacte'),
  (71, 1, 'Perceuse à percussion 800W', 'DeWalt', 'https://www.cotebrico.fr/31019-large_default/marteau-perforateur-sds-plus-800w-en-coffret-dewalt-d25133k.jpg', 13, 'Perceuse à percussion 800W'),
  (72, 1, 'Perceuse visseuse 18V', 'Black+Decker', 'https://m.media-amazon.com/images/I/519wm72dxlL.jpg', 8, 'Perceuse visseuse 18V sans fil'),
  (73, 1, 'Perceuse à percussion 1000W', 'Metabo', 'https://racetools.fr/cdn/shop/files/perceuse-a-percussion-metabo-sbev-1000-2_e1d018fd-a1c2-4d88-acc7-b0c8ce511843.jpg?v=1709736445&width=800', 16, 'Perceuse à percussion 1000W professionnelle'),
  (74, 1, 'Perceuse visseuse 24V', 'Milwaukee', 'https://m.media-amazon.com/images/I/61nnXbTVk7L._AC_UF1000,1000_QL80_.jpg', 18, 'Perceuse visseuse 24V haute performance'),
  (75, 2, 'Scie circulaire 165mm', 'DeWalt', 'https://www.maxoutil.com/media/catalog_webp/product/d/e/dew00050-1.webp?width=265&height=265&store=fr&image-type=image', 14, 'Scie circulaire 165mm sans fil'),
  (76, 2, 'Scie sauteuse 500W', 'Black+Decker', 'https://media.castorama.fr/is/image/Castorama/scie-sauteuse-black-decker-bes500k-500w~5035048700617_01c?$MOB_PREV$&$width=600&$height=600', 6, 'Scie sauteuse 500W compacte'),
  (77, 2, 'Scie circulaire 185mm', 'Makita', 'https://m.media-amazon.com/images/I/61YWIy4cC2L._AC_UF1000,1000_QL80_.jpg', 17, 'Scie circulaire 185mm professionnelle'),
  (78, 2, 'Scie sauteuse 600W', 'Bosch', 'https://media.adeo.com/media/874960/media.jpeg?width=650&height=650&format=jpg&quality=80&fit=bounds', 8, 'Scie sauteuse 600W précise'),
  (79, 2, 'Scie circulaire 210mm', 'Festool', 'https://static.lceassets.com/thumbnails/fa/fa08f758140f880379329b0db0e1656913f056be/scie-circulaire-plongeante-ts-75-ebq-plus-fs-festool-square-650x650.jpg', 35, 'Scie circulaire 210mm de précision'),
  (80, 3, 'Ponceusee excentrique 150mm', 'Festool', 'https://m.media-amazon.com/images/I/41iWk3vF9ZL._AC_UF1000,1000_QL80_.jpg', 30, 'Ponceuse excentrique 150mm professionnelle')
ON DUPLICATE KEY UPDATE name = VALUES(name), image_url = VALUES(image_url), price_per_day = VALUES(price_per_day);

-- Données de test (exemplaires)
INSERT INTO items (id, model_id, status) VALUES
  (1, 1, 0),
  (2, 1, 1),
  (3, 2, 0),
  (4, 3, 0),
  (5, 3, 1),
  (6, 4, 0),
  (7, 5, 0),
  (8, 6, 0),
  (9, 7, 0),
  (10, 8, 0),
  (11, 9, 0),
  (12, 10, 0),
  (13, 11, 0),
  (14, 12, 0),
  (15, 13, 0),
  (16, 13, 0),
  (17, 14, 0),
  (18, 15, 0),
  (19, 15, 1),
  (20, 16, 0),
  (21, 16, 0),
  (22, 17, 0),
  (23, 17, 0),
  (24, 18, 0),
  (25, 19, 0),
  (26, 19, 0),
  (27, 20, 0),
  (28, 20, 0),
  (29, 21, 0),
  (30, 22, 0),
  (31, 22, 0),
  (32, 23, 0),
  (33, 23, 0),
  (34, 24, 0),
  (35, 24, 0),
  (36, 25, 0),
  (37, 25, 0),
  (38, 26, 0),
  (39, 27, 0),
  (40, 27, 0),
  (41, 28, 0),
  (42, 28, 0),
  (43, 29, 0),
  (44, 29, 0),
  (45, 30, 0),
  (46, 30, 0),
  (47, 31, 0),
  (48, 31, 0),
  (49, 32, 0),
  (50, 32, 0),
  (51, 33, 0),
  (52, 33, 0),
  (53, 34, 0),
  (54, 34, 0),
  (55, 35, 0),
  (56, 35, 0),
  (57, 36, 0),
  (58, 36, 0),
  (59, 37, 0),
  (60, 37, 0),
  (61, 38, 0),
  (62, 38, 0),
  (63, 39, 0),
  (64, 39, 0),
  (65, 40, 0),
  (66, 40, 0),
  (67, 41, 0),
  (68, 41, 0),
  (69, 42, 0),
  (70, 42, 0),
  (71, 43, 0),
  (72, 43, 0),
  (73, 44, 0),
  (74, 44, 0),
  (75, 45, 0),
  (76, 45, 0),
  (77, 46, 0),
  (78, 46, 0),
  (79, 47, 0),
  (80, 47, 0),
  (81, 48, 0),
  (82, 48, 0),
  (83, 49, 0),
  (84, 49, 0),
  (85, 50, 0),
  (86, 50, 0),
  (87, 51, 0),
  (88, 51, 0),
  (89, 52, 0),
  (90, 52, 0),
  (91, 53, 0),
  (92, 53, 0),
  (93, 54, 0),
  (94, 54, 0),
  (95, 55, 0),
  (96, 55, 0),
  (97, 56, 0),
  (98, 56, 0),
  (99, 57, 0),
  (100, 57, 0),
  (101, 58, 0),
  (102, 58, 0),
  (103, 59, 0),
  (104, 59, 0),
  (105, 60, 0),
  (106, 60, 0),
  (107, 61, 0),
  (108, 61, 0),
  (109, 62, 0),
  (110, 62, 0),
  (111, 63, 0),
  (112, 63, 0),
  (113, 64, 0),
  (114, 64, 0),
  (115, 65, 0),
  (116, 65, 0),
  (117, 66, 0),
  (118, 66, 0),
  (119, 67, 0),
  (120, 67, 0),
  (121, 68, 0),
  (122, 68, 0),
  (123, 69, 0),
  (124, 69, 0),
  (125, 70, 0),
  (126, 70, 0),
  (127, 71, 0),
  (128, 71, 0),
  (129, 72, 0),
  (130, 72, 0),
  (131, 73, 0),
  (132, 73, 0),
  (133, 74, 0),
  (134, 74, 0),
  (135, 75, 0),
  (136, 75, 0),
  (137, 76, 0),
  (138, 76, 0),
  (139, 77, 0),
  (140, 77, 0),
  (141, 78, 0),
  (142, 78, 0),
  (143, 79, 0),
  (144, 79, 0),
  (145, 80, 0),
  (146, 80, 0)
ON DUPLICATE KEY UPDATE status = VALUES(status);

-- Utilisateur de test
INSERT INTO users (id, prenom, nom, email, password, role)
VALUES (1, 'Test', 'User', 'test@example.com', '$2y$10$HuZXzXIWS8AqmZZyCfvwNuEsZOXlsou2XC225r.Fg4sNU2yEBKzb6', 'user')
ON DUPLICATE KEY UPDATE email = VALUES(email);

-- Utilisateur admin
INSERT INTO users (id, prenom, nom, email, password, role)
VALUES (2, 'Admin', 'System', 'admin@admin.com', '$2y$10$HuZXzXIWS8AqmZZyCfvwNuEsZOXlsou2XC225r.Fg4sNU2yEBKzb6', 'admin')
ON DUPLICATE KEY UPDATE email = VALUES(email);